{
  "project_info": {
    "project_number": "1025440768881",
    "firebase_url": "https://urna-eletronica-f8c14-default-rtdb.firebaseio.com",
    "project_id": "urna-eletronica-f8c14",
    "storage_bucket": "urna-eletronica-f8c14.appspot.com"
  },
  "client": [
    {
      "client_info": {
        "mobilesdk_app_id": "1:1025440768881:android:4b3c4be2049ec039008cd0",
        "android_client_info": {
          "package_name": "com.example.urnaeletrnica"
        }
      },
      "oauth_client": [
        {
          "client_id": "1025440768881-6c19fcpkdotd4so7d24ufnedjm3h31c0.apps.googleusercontent.com",
          "client_type": 3
        }
      ],
      "api_key": [
        {
          "current_key": "AIzaSyCluYx_v8aZDb2yX7tGubS5qa2tnfWeY4o"
        }
      ],
      "services": {
        "appinvite_service": {
          "other_platform_oauth_client": [
            {
              "client_id": "1025440768881-6c19fcpkdotd4so7d24ufnedjm3h31c0.apps.googleusercontent.com",
              "client_type": 3
            }
          ]
        }
      }
    }
  ],
  "configuration_version": "1"
}